title,examples,benefit,icon,diet_type,region,risk,priority,weight_g,calories,protein_g,fiber_g,gi_index
Grilled Fish Curry (133g),Grilled Fish Curry | Grilled Fish Curry variation,Balanced meal with appropriate GI and nutrients for diabetic-friendly diet,ğŸŸ,Vegetarian,East,High,5,133,178,0.7,0.5,45
Moong Dal Khichdi (212g),Moong Dal Khichdi | Moong Dal Khichdi variation,Balanced meal with appropriate GI and nutrients for diabetic-friendly diet,ğŸ—,Vegetarian,West,Moderate,4,212,226,1.6,0.7,58
Sprouts Salad (163g),Sprouts Salad | Sprouts Salad variation,Balanced meal with appropriate GI and nutrients for diabetic-friendly diet,ğŸ²,Vegetarian,East,Low,1,163,223,1.6,0.5,60
Sprouts Salad (158g),Sprouts Salad | Sprouts Salad variation,Balanced meal with appropriate GI and nutrients for diabetic-friendly diet,ğŸ«“,Vegetarian,West,Moderate,2,158,167,1.5,0.5,57
Oats Upma (244g),Oats Upma | Oats Upma variation,Balanced meal with appropriate GI and nutrients for diabetic-friendly diet,ğŸ«“,Vegetarian,South,Low,1,244,344,2.3,0.7,61
Poha with Veggies (187g),Poha with Veggies | Poha with Veggies variation,Balanced meal with appropriate GI and nutrients for diabetic-friendly diet,ğŸ¦,Vegetarian,East,High,3,187,264,1.5,0.6,40
Jowar Roti with Bhindi (155g),Jowar Roti with Bhindi | Jowar Roti with Bhindi variation,Balanced meal with appropriate GI and nutrients for diabetic-friendly diet,ğŸ²,Vegetarian,South,Moderate,4,155,209,1.4,0.3,42
Poha with Veggies (303g),Poha with Veggies | Poha with Veggies variation,Balanced meal with appropriate GI and nutrients for diabetic-friendly diet,ğŸ²,Vegetarian,North,Low,3,303,423,2.3,1.1,63
Chicken Tikka (216g),Chicken Tikka | Chicken Tikka variation,Balanced meal with appropriate GI and nutrients for diabetic-friendly diet,ğŸ²,Non-Vegetarian,East,Low,1,216,253,1.3,0.7,65
Egg Curry with Roti (273g),Egg Curry with Roti | Egg Curry with Roti variation,Balanced meal with appropriate GI and nutrients for diabetic-friendly diet,ğŸš,Vegetarian,West,Low,2,273,376,1.9,0.7,46
Mutton Soup (136g),Mutton Soup | Mutton Soup variation,Balanced meal with appropriate GI and nutrients for diabetic-friendly diet,ğŸ—,Vegetarian,North,Low,5,136,168,1.6,0.5,60
Grilled Fish Curry (244g),Grilled Fish Curry | Grilled Fish Curry variation,Balanced meal with appropriate GI and nutrients for diabetic-friendly diet,ğŸ¦,Non-Vegetarian,East,Moderate,1,244,249,2.5,0.8,57
Grilled Fish with Veggies (120g),Grilled Fish with Veggies | Grilled Fish with Veggies variation,Balanced meal with appropriate GI and nutrients for diabetic-friendly diet,ğŸŸ,Vegetarian,East,Low,5,120,153,1.0,0.4,40
Masoor Dal with Red Rice (300g),Masoor Dal with Red Rice | Masoor Dal with Red Rice variation,Balanced meal with appropriate GI and nutrients for diabetic-friendly diet,ğŸŸ,Vegetarian,South,Moderate,4,300,397,3.5,0.9,54
Ragi Dosa (224g),Ragi Dosa | Ragi Dosa variation,Balanced meal with appropriate GI and nutrients for diabetic-friendly diet,ğŸ¦,Non-Vegetarian,West,Low,5,224,311,2.6,0.9,51
Fish Curry with Brown Rice (272g),Fish Curry with Brown Rice | Fish Curry with Brown Rice variation,Balanced meal with appropriate GI and nutrients for diabetic-friendly diet,ğŸŒ±,Vegetarian,East,Low,3,272,392,1.6,1.0,63
Jowar Roti with Bhindi (213g),Jowar Roti with Bhindi | Jowar Roti with Bhindi variation,Balanced meal with appropriate GI and nutrients for diabetic-friendly diet,ğŸ¥£,Vegetarian,North,Low,3,213,275,1.3,0.7,45
Grilled Chicken Salad (247g),Grilled Chicken Salad | Grilled Chicken Salad variation,Balanced meal with appropriate GI and nutrients for diabetic-friendly diet,ğŸ—,Vegetarian,North,Moderate,1,247,335,1.5,0.6,58
Moong Dal Khichdi (215g),Moong Dal Khichdi | Moong Dal Khichdi variation,Balanced meal with appropriate GI and nutrients for diabetic-friendly diet,ğŸ¥£,Vegetarian,South,Low,1,215,259,2.2,0.6,50
Masoor Dal with Red Rice (326g),Masoor Dal with Red Rice | Masoor Dal with Red Rice variation,Balanced meal with appropriate GI and nutrients for diabetic-friendly diet,ğŸ¦,Vegetarian,East,High,2,326,455,2.5,1.2,43
Steamed Prawns with Veggies (256g),Steamed Prawns with Veggies | Steamed Prawns with Veggies variation,Balanced meal with appropriate GI and nutrients for diabetic-friendly diet,ğŸš,Vegetarian,South,Moderate,4,256,313,1.4,0.7,49
Steamed Prawns with Veggies (272g),Steamed Prawns with Veggies | Steamed Prawns with Veggies variation,Balanced meal with appropriate GI and nutrients for diabetic-friendly diet,ğŸ›,Vegetarian,East,High,2,272,282,3.1,1.0,45
Grilled Fish Curry (343g),Grilled Fish Curry | Grilled Fish Curry variation,Balanced meal with appropriate GI and nutrients for diabetic-friendly diet,ğŸ«“,Non-Vegetarian,East,High,3,343,503,3.5,1.2,47
Lauki Curry with Brown Rice (249g),Lauki Curry with Brown Rice | Lauki Curry with Brown Rice variation,Balanced meal with appropriate GI and nutrients for diabetic-friendly diet,ğŸŸ,Non-Vegetarian,North,Moderate,2,249,352,1.5,1.0,48
Bajra Roti (132g),Bajra Roti | Bajra Roti variation,Balanced meal with appropriate GI and nutrients for diabetic-friendly diet,ğŸ¥£,Vegetarian,East,Moderate,2,132,138,0.8,0.4,54
Grilled Chicken Salad (112g),Grilled Chicken Salad | Grilled Chicken Salad variation,Balanced meal with appropriate GI and nutrients for diabetic-friendly diet,ğŸ²,Vegetarian,South,Moderate,3,112,151,0.6,0.4,52
Jowar Roti with Bhindi (201g),Jowar Roti with Bhindi | Jowar Roti with Bhindi variation,Balanced meal with appropriate GI and nutrients for diabetic-friendly diet,ğŸ›,Vegetarian,West,High,3,201,234,1.6,0.5,52
Grilled Fish with Veggies (194g),Grilled Fish with Veggies | Grilled Fish with Veggies variation,Balanced meal with appropriate GI and nutrients for diabetic-friendly diet,ğŸŸ,Vegetarian,West,Moderate,3,194,223,2.2,0.6,54
Lauki Curry with Brown Rice (100g),Lauki Curry with Brown Rice | Lauki Curry with Brown Rice variation,Balanced meal with appropriate GI and nutrients for diabetic-friendly diet,ğŸ—,Vegetarian,West,Low,1,100,131,1.0,0.3,43
Mutton Soup (313g),Mutton Soup | Mutton Soup variation,Balanced meal with appropriate GI and nutrients for diabetic-friendly diet,ğŸ¥—,Non-Vegetarian,East,Low,4,313,395,2.6,0.8,38
Fish Curry with Brown Rice (230g),Fish Curry with Brown Rice | Fish Curry with Brown Rice variation,Balanced meal with appropriate GI and nutrients for diabetic-friendly diet,ğŸ²,Non-Vegetarian,North,High,2,230,290,1.8,0.6,37
Sprouts Salad (151g),Sprouts Salad | Sprouts Salad variation,Balanced meal with appropriate GI and nutrients for diabetic-friendly diet,ğŸ—,Vegetarian,South,Low,3,151,217,1.8,0.4,40
Grilled Fish with Veggies (313g),Grilled Fish with Veggies | Grilled Fish with Veggies variation,Balanced meal with appropriate GI and nutrients for diabetic-friendly diet,ğŸ›,Vegetarian,East,High,5,313,322,2.6,1.1,59
Sprouts Salad (134g),Sprouts Salad | Sprouts Salad variation,Balanced meal with appropriate GI and nutrients for diabetic-friendly diet,ğŸ›,Vegetarian,South,Low,4,134,139,1.2,0.4,64
Masoor Dal with Red Rice (273g),Masoor Dal with Red Rice | Masoor Dal with Red Rice variation,Balanced meal with appropriate GI and nutrients for diabetic-friendly diet,ğŸ¦,Vegetarian,East,Low,5,273,340,3.2,0.8,54
Steamed Prawns with Veggies (326g),Steamed Prawns with Veggies | Steamed Prawns with Veggies variation,Balanced meal with appropriate GI and nutrients for diabetic-friendly diet,ğŸš,Vegetarian,North,Low,5,326,456,1.9,1.0,37
Brown Rice with Sambar (104g),Brown Rice with Sambar | Brown Rice with Sambar variation,Balanced meal with appropriate GI and nutrients for diabetic-friendly diet,ğŸ—,Vegetarian,North,Moderate,5,104,154,0.9,0.3,52
Oats Upma (139g),Oats Upma | Oats Upma variation,Balanced meal with appropriate GI and nutrients for diabetic-friendly diet,ğŸ›,Vegetarian,North,High,2,139,199,0.7,0.5,48
Sprouts Salad (192g),Sprouts Salad | Sprouts Salad variation,Balanced meal with appropriate GI and nutrients for diabetic-friendly diet,ğŸ›,Non-Vegetarian,South,Moderate,5,192,277,1.5,0.4,52
Lauki Curry with Brown Rice (158g),Lauki Curry with Brown Rice | Lauki Curry with Brown Rice variation,Balanced meal with appropriate GI and nutrients for diabetic-friendly diet,ğŸŒ±,Vegetarian,East,High,4,158,224,1.9,0.3,65
Chicken Tikka (290g),Chicken Tikka | Chicken Tikka variation,Balanced meal with appropriate GI and nutrients for diabetic-friendly diet,ğŸ²,Vegetarian,East,High,2,290,293,1.6,0.9,45
Grilled Chicken Salad (337g),Grilled Chicken Salad | Grilled Chicken Salad variation,Balanced meal with appropriate GI and nutrients for diabetic-friendly diet,ğŸš,Non-Vegetarian,West,Low,2,337,419,3.8,1.1,47
Ragi Dosa (311g),Ragi Dosa | Ragi Dosa variation,Balanced meal with appropriate GI and nutrients for diabetic-friendly diet,ğŸ²,Vegetarian,South,Moderate,4,311,326,3.3,0.9,58
Moong Dal Khichdi (154g),Moong Dal Khichdi | Moong Dal Khichdi variation,Balanced meal with appropriate GI and nutrients for diabetic-friendly diet,ğŸ«“,Vegetarian,South,Moderate,3,154,206,1.4,0.3,58
Oats Upma (135g),Oats Upma | Oats Upma variation,Balanced meal with appropriate GI and nutrients for diabetic-friendly diet,ğŸš,Vegetarian,South,Low,1,135,199,1.1,0.5,60
Grilled Fish Curry (174g),Grilled Fish Curry | Grilled Fish Curry variation,Balanced meal with appropriate GI and nutrients for diabetic-friendly diet,ğŸ¦,Non-Vegetarian,South,Moderate,3,174,186,1.9,0.4,56
Jowar Roti with Bhindi (192g),Jowar Roti with Bhindi | Jowar Roti with Bhindi variation,Balanced meal with appropriate GI and nutrients for diabetic-friendly diet,ğŸ›,Vegetarian,North,Low,5,192,280,2.1,0.5,63
Chicken Tikka (118g),Chicken Tikka | Chicken Tikka variation,Balanced meal with appropriate GI and nutrients for diabetic-friendly diet,ğŸ²,Non-Vegetarian,South,Moderate,4,118,153,1.4,0.4,54
Grilled Chicken Salad (219g),Grilled Chicken Salad | Grilled Chicken Salad variation,Balanced meal with appropriate GI and nutrients for diabetic-friendly diet,ğŸ¦,Non-Vegetarian,North,Low,3,219,225,2.0,0.8,46
Ragi Dosa (267g),Ragi Dosa | Ragi Dosa variation,Balanced meal with appropriate GI and nutrients for diabetic-friendly diet,ğŸ¥—,Non-Vegetarian,East,Moderate,5,267,295,2.0,0.9,63
Chicken Tikka (288g),Chicken Tikka | Chicken Tikka variation,Balanced meal with appropriate GI and nutrients for diabetic-friendly diet,ğŸ—,Non-Vegetarian,East,Moderate,4,288,370,3.2,0.7,55
Poha with Veggies (187g),Poha with Veggies | Poha with Veggies variation,Balanced meal with appropriate GI and nutrients for diabetic-friendly diet,ğŸ«“,Vegetarian,East,Low,1,187,206,1.5,0.7,59
Grilled Chicken Salad (255g),Grilled Chicken Salad | Grilled Chicken Salad variation,Balanced meal with appropriate GI and nutrients for diabetic-friendly diet,ğŸ«“,Vegetarian,South,High,3,255,276,2.6,0.8,36
Lauki Curry with Brown Rice (135g),Lauki Curry with Brown Rice | Lauki Curry with Brown Rice variation,Balanced meal with appropriate GI and nutrients for diabetic-friendly diet,ğŸ²,Non-Vegetarian,West,High,4,135,143,0.8,0.4,61
Chicken Tikka (122g),Chicken Tikka | Chicken Tikka variation,Balanced meal with appropriate GI and nutrients for diabetic-friendly diet,ğŸŒ±,Non-Vegetarian,East,Moderate,1,122,180,1.4,0.3,35
Ragi Dosa (129g),Ragi Dosa | Ragi Dosa variation,Balanced meal with appropriate GI and nutrients for diabetic-friendly diet,ğŸ¥£,Vegetarian,West,High,2,129,159,1.2,0.3,65
Masoor Dal with Red Rice (247g),Masoor Dal with Red Rice | Masoor Dal with Red Rice variation,Balanced meal with appropriate GI and nutrients for diabetic-friendly diet,ğŸ«“,Vegetarian,South,Low,3,247,299,2.7,1.0,42
Sprouts Salad (271g),Sprouts Salad | Sprouts Salad variation,Balanced meal with appropriate GI and nutrients for diabetic-friendly diet,ğŸ¥£,Non-Vegetarian,East,High,1,271,383,1.8,0.8,50
Mixed Veg Sabzi with Chapati (294g),Mixed Veg Sabzi with Chapati | Mixed Veg Sabzi with Chapati variation,Balanced meal with appropriate GI and nutrients for diabetic-friendly diet,ğŸ¦,Vegetarian,South,High,1,294,437,2.5,1.1,58
Mutton Soup (326g),Mutton Soup | Mutton Soup variation,Balanced meal with appropriate GI and nutrients for diabetic-friendly diet,ğŸ¦,Vegetarian,North,Low,4,326,408,3.4,0.8,47
Oats Upma (217g),Oats Upma | Oats Upma variation,Balanced meal with appropriate GI and nutrients for diabetic-friendly diet,ğŸ¦,Vegetarian,North,Low,2,217,302,1.8,0.8,38
Jowar Roti with Bhindi (239g),Jowar Roti with Bhindi | Jowar Roti with Bhindi variation,Balanced meal with appropriate GI and nutrients for diabetic-friendly diet,ğŸ¥£,Vegetarian,East,High,1,239,342,2.6,0.7,43
Masoor Dal with Red Rice (342g),Masoor Dal with Red Rice | Masoor Dal with Red Rice variation,Balanced meal with appropriate GI and nutrients for diabetic-friendly diet,ğŸ¥—,Vegetarian,South,High,2,342,425,2.0,0.7,53
Bajra Roti (266g),Bajra Roti | Bajra Roti variation,Balanced meal with appropriate GI and nutrients for diabetic-friendly diet,ğŸ²,Vegetarian,North,Low,2,266,343,2.9,0.6,35
Chicken Stew with Appam (307g),Chicken Stew with Appam | Chicken Stew with Appam variation,Balanced meal with appropriate GI and nutrients for diabetic-friendly diet,ğŸ«“,Vegetarian,West,Low,1,307,421,3.2,1.0,44
Egg Curry with Roti (124g),Egg Curry with Roti | Egg Curry with Roti variation,Balanced meal with appropriate GI and nutrients for diabetic-friendly diet,ğŸ¥—,Vegetarian,North,High,3,124,142,1.3,0.3,40
Bajra Roti (312g),Bajra Roti | Bajra Roti variation,Balanced meal with appropriate GI and nutrients for diabetic-friendly diet,ğŸ²,Vegetarian,South,Moderate,2,312,416,2.0,1.2,48
Ragi Dosa (347g),Ragi Dosa | Ragi Dosa variation,Balanced meal with appropriate GI and nutrients for diabetic-friendly diet,ğŸŸ,Vegetarian,West,Moderate,2,347,498,2.9,1.3,35
Masoor Dal with Red Rice (261g),Masoor Dal with Red Rice | Masoor Dal with Red Rice variation,Balanced meal with appropriate GI and nutrients for diabetic-friendly diet,ğŸ¦,Vegetarian,South,Low,1,261,289,2.0,0.9,51
Grilled Chicken Salad (112g),Grilled Chicken Salad | Grilled Chicken Salad variation,Balanced meal with appropriate GI and nutrients for diabetic-friendly diet,ğŸŒ±,Non-Vegetarian,North,Moderate,1,112,123,0.7,0.4,47
Jowar Roti with Bhindi (284g),Jowar Roti with Bhindi | Jowar Roti with Bhindi variation,Balanced meal with appropriate GI and nutrients for diabetic-friendly diet,ğŸ¥£,Vegetarian,East,Low,3,284,406,3.1,0.9,62
Oats Upma (235g),Oats Upma | Oats Upma variation,Balanced meal with appropriate GI and nutrients for diabetic-friendly diet,ğŸ¥—,Vegetarian,North,Moderate,2,235,251,1.6,0.9,56
Grilled Fish with Veggies (120g),Grilled Fish with Veggies | Grilled Fish with Veggies variation,Balanced meal with appropriate GI and nutrients for diabetic-friendly diet,ğŸ—,Vegetarian,South,Moderate,2,120,152,0.8,0.4,59
Lauki Curry with Brown Rice (129g),Lauki Curry with Brown Rice | Lauki Curry with Brown Rice variation,Balanced meal with appropriate GI and nutrients for diabetic-friendly diet,ğŸ«“,Non-Vegetarian,South,High,4,129,145,1.5,0.3,46
Lauki Curry with Brown Rice (139g),Lauki Curry with Brown Rice | Lauki Curry with Brown Rice variation,Balanced meal with appropriate GI and nutrients for diabetic-friendly diet,ğŸ¥£,Vegetarian,East,Moderate,5,139,185,1.1,0.4,46
Grilled Fish with Veggies (349g),Grilled Fish with Veggies | Grilled Fish with Veggies variation,Balanced meal with appropriate GI and nutrients for diabetic-friendly diet,ğŸ«“,Vegetarian,North,High,5,349,352,3.5,1.4,38
Grilled Chicken Salad (167g),Grilled Chicken Salad | Grilled Chicken Salad variation,Balanced meal with appropriate GI and nutrients for diabetic-friendly diet,ğŸ¥—,Non-Vegetarian,West,Low,5,167,243,1.4,0.4,37
Lauki Curry with Brown Rice (142g),Lauki Curry with Brown Rice | Lauki Curry with Brown Rice variation,Balanced meal with appropriate GI and nutrients for diabetic-friendly diet,ğŸ²,Vegetarian,North,High,1,142,185,1.7,0.4,63
Ragi Dosa (188g),Ragi Dosa | Ragi Dosa variation,Balanced meal with appropriate GI and nutrients for diabetic-friendly diet,ğŸš,Non-Vegetarian,South,Low,5,188,223,1.1,0.5,64
Masoor Dal with Red Rice (297g),Masoor Dal with Red Rice | Masoor Dal with Red Rice variation,Balanced meal with appropriate GI and nutrients for diabetic-friendly diet,ğŸŸ,Vegetarian,West,Moderate,3,297,313,2.9,1.1,61
Brown Rice with Sambar (192g),Brown Rice with Sambar | Brown Rice with Sambar variation,Balanced meal with appropriate GI and nutrients for diabetic-friendly diet,ğŸš,Non-Vegetarian,South,Low,4,192,247,1.0,0.8,40
Brown Rice with Sambar (261g),Brown Rice with Sambar | Brown Rice with Sambar variation,Balanced meal with appropriate GI and nutrients for diabetic-friendly diet,ğŸš,Vegetarian,North,High,2,261,343,1.9,0.9,49
Jowar Roti with Bhindi (317g),Jowar Roti with Bhindi | Jowar Roti with Bhindi variation,Balanced meal with appropriate GI and nutrients for diabetic-friendly diet,ğŸš,Vegetarian,West,Moderate,5,317,352,3.2,0.9,53
Mixed Veg Sabzi with Chapati (186g),Mixed Veg Sabzi with Chapati | Mixed Veg Sabzi with Chapati variation,Balanced meal with appropriate GI and nutrients for diabetic-friendly diet,ğŸ¦,Vegetarian,North,Low,4,186,271,1.0,0.5,55
Moong Dal Khichdi (144g),Moong Dal Khichdi | Moong Dal Khichdi variation,Balanced meal with appropriate GI and nutrients for diabetic-friendly diet,ğŸŸ,Vegetarian,West,Low,4,144,170,1.4,0.4,47
Lauki Curry with Brown Rice (290g),Lauki Curry with Brown Rice | Lauki Curry with Brown Rice variation,Balanced meal with appropriate GI and nutrients for diabetic-friendly diet,ğŸ›,Non-Vegetarian,East,Moderate,4,290,322,2.6,1.0,62
Sprouts Salad (144g),Sprouts Salad | Sprouts Salad variation,Balanced meal with appropriate GI and nutrients for diabetic-friendly diet,ğŸ«“,Vegetarian,West,Moderate,5,144,213,1.7,0.5,56
Poha with Veggies (288g),Poha with Veggies | Poha with Veggies variation,Balanced meal with appropriate GI and nutrients for diabetic-friendly diet,ğŸ¥—,Vegetarian,South,Moderate,2,288,350,2.2,0.9,37
Grilled Fish with Veggies (105g),Grilled Fish with Veggies | Grilled Fish with Veggies variation,Balanced meal with appropriate GI and nutrients for diabetic-friendly diet,ğŸ«“,Vegetarian,East,Moderate,1,105,106,0.8,0.3,36
Ragi Dosa (332g),Ragi Dosa | Ragi Dosa variation,Balanced meal with appropriate GI and nutrients for diabetic-friendly diet,ğŸŸ,Vegetarian,West,High,3,332,409,3.3,1.3,35
Lauki Curry with Brown Rice (322g),Lauki Curry with Brown Rice | Lauki Curry with Brown Rice variation,Balanced meal with appropriate GI and nutrients for diabetic-friendly diet,ğŸŒ±,Non-Vegetarian,South,Moderate,2,322,337,1.9,1.0,48
Grilled Fish with Veggies (157g),Grilled Fish with Veggies | Grilled Fish with Veggies variation,Balanced meal with appropriate GI and nutrients for diabetic-friendly diet,ğŸ›,Vegetarian,West,Moderate,1,157,227,1.5,0.6,56
Oats Upma (180g),Oats Upma | Oats Upma variation,Balanced meal with appropriate GI and nutrients for diabetic-friendly diet,ğŸ¥—,Vegetarian,South,High,4,180,191,1.1,0.4,60
Jowar Roti with Bhindi (133g),Jowar Roti with Bhindi | Jowar Roti with Bhindi variation,Balanced meal with appropriate GI and nutrients for diabetic-friendly diet,ğŸ«“,Vegetarian,West,High,4,133,146,0.8,0.5,41
Steamed Prawns with Veggies (178g),Steamed Prawns with Veggies | Steamed Prawns with Veggies variation,Balanced meal with appropriate GI and nutrients for diabetic-friendly diet,ğŸ«“,Vegetarian,East,High,2,178,200,1.3,0.4,36
Sprouts Salad (238g),Sprouts Salad | Sprouts Salad variation,Balanced meal with appropriate GI and nutrients for diabetic-friendly diet,ğŸ—,Non-Vegetarian,East,High,5,238,260,2.2,0.9,40
Masoor Dal with Red Rice (299g),Masoor Dal with Red Rice | Masoor Dal with Red Rice variation,Balanced meal with appropriate GI and nutrients for diabetic-friendly diet,ğŸŸ,Vegetarian,South,High,2,299,302,2.6,0.9,50
Grilled Chicken Salad (178g),Grilled Chicken Salad | Grilled Chicken Salad variation,Balanced meal with appropriate GI and nutrients for diabetic-friendly diet,ğŸ²,Non-Vegetarian,South,Moderate,2,178,255,1.2,0.6,59
Mutton Soup (161g),Mutton Soup | Mutton Soup variation,Balanced meal with appropriate GI and nutrients for diabetic-friendly diet,ğŸ²,Vegetarian,West,Low,3,161,229,1.9,0.5,65
Mixed Veg Sabzi with Chapati (149g),Mixed Veg Sabzi with Chapati | Mixed Veg Sabzi with Chapati variation,Balanced meal with appropriate GI and nutrients for diabetic-friendly diet,ğŸ¥£,Vegetarian,West,Moderate,5,149,220,1.0,0.4,53
Mixed Veg Sabzi with Chapati (158g),Mixed Veg Sabzi with Chapati | Mixed Veg Sabzi with Chapati variation,Balanced meal with appropriate GI and nutrients for diabetic-friendly diet,ğŸ—,Vegetarian,North,Low,1,158,197,0.9,0.6,43
Grilled Fish with Veggies (186g),Grilled Fish with Veggies | Grilled Fish with Veggies variation,Balanced meal with appropriate GI and nutrients for diabetic-friendly diet,ğŸ¦,Vegetarian,North,Low,1,186,250,1.8,0.4,50
Lauki Curry with Brown Rice (217g),Lauki Curry with Brown Rice | Lauki Curry with Brown Rice variation,Balanced meal with appropriate GI and nutrients for diabetic-friendly diet,ğŸŸ,Vegetarian,West,High,4,217,254,1.9,0.7,65
Mutton Soup (170g),Mutton Soup | Mutton Soup variation,Balanced meal with appropriate GI and nutrients for diabetic-friendly diet,ğŸ²,Vegetarian,East,High,1,170,193,1.7,0.7,62
Jowar Roti with Bhindi (235g),Jowar Roti with Bhindi | Jowar Roti with Bhindi variation,Balanced meal with appropriate GI and nutrients for diabetic-friendly diet,ğŸ¥—,Vegetarian,East,Low,4,235,287,1.3,0.7,49
Masoor Dal with Red Rice (340g),Masoor Dal with Red Rice | Masoor Dal with Red Rice variation,Balanced meal with appropriate GI and nutrients for diabetic-friendly diet,ğŸŒ±,Vegetarian,East,Low,1,340,453,2.3,1.2,48
Bajra Roti (124g),Bajra Roti | Bajra Roti variation,Balanced meal with appropriate GI and nutrients for diabetic-friendly diet,ğŸ¥£,Vegetarian,South,Moderate,1,124,152,1.4,0.4,58
Chicken Stew with Appam (197g),Chicken Stew with Appam | Chicken Stew with Appam variation,Balanced meal with appropriate GI and nutrients for diabetic-friendly diet,ğŸ›,Vegetarian,North,Moderate,2,197,264,2.0,0.6,58
Steamed Prawns with Veggies (117g),Steamed Prawns with Veggies | Steamed Prawns with Veggies variation,Balanced meal with appropriate GI and nutrients for diabetic-friendly diet,ğŸ›,Vegetarian,South,Moderate,1,117,121,1.1,0.2,65
Brown Rice with Sambar (158g),Brown Rice with Sambar | Brown Rice with Sambar variation,Balanced meal with appropriate GI and nutrients for diabetic-friendly diet,ğŸ—,Non-Vegetarian,North,Moderate,3,158,161,1.5,0.3,58
Bajra Roti (113g),Bajra Roti | Bajra Roti variation,Balanced meal with appropriate GI and nutrients for diabetic-friendly diet,ğŸ—,Vegetarian,South,Low,2,113,136,0.8,0.2,64
Fish Curry with Brown Rice (104g),Fish Curry with Brown Rice | Fish Curry with Brown Rice variation,Balanced meal with appropriate GI and nutrients for diabetic-friendly diet,ğŸ²,Vegetarian,West,High,1,104,141,0.8,0.3,47
Moong Dal Khichdi (277g),Moong Dal Khichdi | Moong Dal Khichdi variation,Balanced meal with appropriate GI and nutrients for diabetic-friendly diet,ğŸ—,Vegetarian,North,Low,5,277,374,2.7,0.7,41
Grilled Fish with Veggies (231g),Grilled Fish with Veggies | Grilled Fish with Veggies variation,Balanced meal with appropriate GI and nutrients for diabetic-friendly diet,ğŸ¥£,Vegetarian,North,High,4,231,265,1.9,0.8,46
Grilled Fish with Veggies (206g),Grilled Fish with Veggies | Grilled Fish with Veggies variation,Balanced meal with appropriate GI and nutrients for diabetic-friendly diet,ğŸ²,Vegetarian,South,Low,5,206,296,2.5,0.6,52
Moong Dal Khichdi (149g),Moong Dal Khichdi | Moong Dal Khichdi variation,Balanced meal with appropriate GI and nutrients for diabetic-friendly diet,ğŸ¥£,Vegetarian,East,Low,1,149,168,1.0,0.5,59
Sprouts Salad (132g),Sprouts Salad | Sprouts Salad variation,Balanced meal with appropriate GI and nutrients for diabetic-friendly diet,ğŸ¦,Non-Vegetarian,South,High,2,132,195,1.4,0.3,35
Masoor Dal with Red Rice (337g),Masoor Dal with Red Rice | Masoor Dal with Red Rice variation,Balanced meal with appropriate GI and nutrients for diabetic-friendly diet,ğŸ›,Vegetarian,South,Moderate,5,337,461,3.8,1.2,55
Mutton Soup (219g),Mutton Soup | Mutton Soup variation,Balanced meal with appropriate GI and nutrients for diabetic-friendly diet,ğŸŒ±,Vegetarian,South,High,1,219,313,1.9,0.8,53
Lauki Curry with Brown Rice (299g),Lauki Curry with Brown Rice | Lauki Curry with Brown Rice variation,Balanced meal with appropriate GI and nutrients for diabetic-friendly diet,ğŸ—,Non-Vegetarian,South,Low,3,299,324,3.0,0.6,41
Grilled Chicken Salad (306g),Grilled Chicken Salad | Grilled Chicken Salad variation,Balanced meal with appropriate GI and nutrients for diabetic-friendly diet,ğŸ«“,Vegetarian,South,Low,2,306,351,1.7,1.0,50
Egg Curry with Roti (327g),Egg Curry with Roti | Egg Curry with Roti variation,Balanced meal with appropriate GI and nutrients for diabetic-friendly diet,ğŸ›,Vegetarian,West,Low,3,327,482,2.4,1.2,44
Mixed Veg Sabzi with Chapati (102g),Mixed Veg Sabzi with Chapati | Mixed Veg Sabzi with Chapati variation,Balanced meal with appropriate GI and nutrients for diabetic-friendly diet,ğŸ—,Vegetarian,South,Moderate,4,102,114,0.7,0.3,57
Grilled Fish with Veggies (117g),Grilled Fish with Veggies | Grilled Fish with Veggies variation,Balanced meal with appropriate GI and nutrients for diabetic-friendly diet,ğŸ—,Vegetarian,East,Moderate,4,117,169,0.6,0.3,56
Mutton Soup (116g),Mutton Soup | Mutton Soup variation,Balanced meal with appropriate GI and nutrients for diabetic-friendly diet,ğŸ²,Non-Vegetarian,West,Moderate,3,116,173,1.3,0.3,35
Oats Upma (119g),Oats Upma | Oats Upma variation,Balanced meal with appropriate GI and nutrients for diabetic-friendly diet,ğŸ«“,Vegetarian,South,High,3,119,176,1.3,0.3,48
Mixed Veg Sabzi with Chapati (281g),Mixed Veg Sabzi with Chapati | Mixed Veg Sabzi with Chapati variation,Balanced meal with appropriate GI and nutrients for diabetic-friendly diet,ğŸŒ±,Vegetarian,North,Moderate,4,281,384,3.1,0.8,58
Grilled Fish with Veggies (186g),Grilled Fish with Veggies | Grilled Fish with Veggies variation,Balanced meal with appropriate GI and nutrients for diabetic-friendly diet,ğŸ«“,Vegetarian,North,High,1,186,252,1.7,0.7,38
Lauki Curry with Brown Rice (223g),Lauki Curry with Brown Rice | Lauki Curry with Brown Rice variation,Balanced meal with appropriate GI and nutrients for diabetic-friendly diet,ğŸŸ,Non-Vegetarian,North,High,3,223,240,2.3,0.8,43
Mixed Veg Sabzi with Chapati (141g),Mixed Veg Sabzi with Chapati | Mixed Veg Sabzi with Chapati variation,Balanced meal with appropriate GI and nutrients for diabetic-friendly diet,ğŸŒ±,Vegetarian,West,High,4,141,196,1.6,0.4,53
Chicken Tikka (334g),Chicken Tikka | Chicken Tikka variation,Balanced meal with appropriate GI and nutrients for diabetic-friendly diet,ğŸŒ±,Vegetarian,South,High,4,334,492,2.2,1.1,35
Steamed Prawns with Veggies (321g),Steamed Prawns with Veggies | Steamed Prawns with Veggies variation,Balanced meal with appropriate GI and nutrients for diabetic-friendly diet,ğŸ¥—,Vegetarian,North,High,5,321,468,2.8,1.1,63
Ragi Dosa (198g),Ragi Dosa | Ragi Dosa variation,Balanced meal with appropriate GI and nutrients for diabetic-friendly diet,ğŸ¥£,Non-Vegetarian,West,High,3,198,287,1.8,0.4,53
Fish Curry with Brown Rice (165g),Fish Curry with Brown Rice | Fish Curry with Brown Rice variation,Balanced meal with appropriate GI and nutrients for diabetic-friendly diet,ğŸŒ±,Vegetarian,East,High,1,165,247,1.2,0.6,45
Oats Upma (129g),Oats Upma | Oats Upma variation,Balanced meal with appropriate GI and nutrients for diabetic-friendly diet,ğŸ›,Vegetarian,East,High,2,129,137,1.1,0.4,58
Oats Upma (264g),Oats Upma | Oats Upma variation,Balanced meal with appropriate GI and nutrients for diabetic-friendly diet,ğŸŒ±,Vegetarian,West,High,3,264,352,2.4,0.9,51
Brown Rice with Sambar (149g),Brown Rice with Sambar | Brown Rice with Sambar variation,Balanced meal with appropriate GI and nutrients for diabetic-friendly diet,ğŸ—,Non-Vegetarian,North,Moderate,1,149,174,1.0,0.3,46
Oats Upma (297g),Oats Upma | Oats Upma variation,Balanced meal with appropriate GI and nutrients for diabetic-friendly diet,ğŸ¦,Vegetarian,East,High,4,297,352,1.6,1.1,63
Mutton Soup (234g),Mutton Soup | Mutton Soup variation,Balanced meal with appropriate GI and nutrients for diabetic-friendly diet,ğŸ«“,Vegetarian,West,Moderate,2,234,281,2.2,0.6,44
Lauki Curry with Brown Rice (220g),Lauki Curry with Brown Rice | Lauki Curry with Brown Rice variation,Balanced meal with appropriate GI and nutrients for diabetic-friendly diet,ğŸŒ±,Non-Vegetarian,East,Moderate,1,220,230,2.2,0.6,63
Grilled Fish with Veggies (274g),Grilled Fish with Veggies | Grilled Fish with Veggies variation,Balanced meal with appropriate GI and nutrients for diabetic-friendly diet,ğŸš,Vegetarian,North,Low,3,274,323,2.3,0.7,48
Poha with Veggies (229g),Poha with Veggies | Poha with Veggies variation,Balanced meal with appropriate GI and nutrients for diabetic-friendly diet,ğŸš,Vegetarian,North,Low,1,229,250,2.7,0.8,64
Jowar Roti with Bhindi (327g),Jowar Roti with Bhindi | Jowar Roti with Bhindi variation,Balanced meal with appropriate GI and nutrients for diabetic-friendly diet,ğŸ¥£,Vegetarian,East,Low,3,327,471,2.4,0.8,59
Grilled Chicken Salad (305g),Grilled Chicken Salad | Grilled Chicken Salad variation,Balanced meal with appropriate GI and nutrients for diabetic-friendly diet,ğŸ²,Non-Vegetarian,East,Moderate,1,305,397,2.9,0.7,57
Steamed Prawns with Veggies (163g),Steamed Prawns with Veggies | Steamed Prawns with Veggies variation,Balanced meal with appropriate GI and nutrients for diabetic-friendly diet,ğŸ«“,Vegetarian,West,High,5,163,234,1.4,0.6,44
Bajra Roti (310g),Bajra Roti | Bajra Roti variation,Balanced meal with appropriate GI and nutrients for diabetic-friendly diet,ğŸ¥£,Vegetarian,South,Moderate,2,310,464,3.3,0.8,51
Masoor Dal with Red Rice (211g),Masoor Dal with Red Rice | Masoor Dal with Red Rice variation,Balanced meal with appropriate GI and nutrients for diabetic-friendly diet,ğŸ«“,Vegetarian,West,Low,2,211,232,1.6,0.8,65
Grilled Chicken Salad (128g),Grilled Chicken Salad | Grilled Chicken Salad variation,Balanced meal with appropriate GI and nutrients for diabetic-friendly diet,ğŸŒ±,Vegetarian,West,Moderate,2,128,138,1.3,0.3,42
Oats Upma (155g),Oats Upma | Oats Upma variation,Balanced meal with appropriate GI and nutrients for diabetic-friendly diet,ğŸ¦,Vegetarian,East,High,3,155,186,1.2,0.3,55
Bajra Roti (228g),Bajra Roti | Bajra Roti variation,Balanced meal with appropriate GI and nutrients for diabetic-friendly diet,ğŸ›,Vegetarian,South,Low,3,228,323,1.4,0.7,50
Egg Curry with Roti (193g),Egg Curry with Roti | Egg Curry with Roti variation,Balanced meal with appropriate GI and nutrients for diabetic-friendly diet,ğŸŒ±,Vegetarian,East,Moderate,5,193,248,1.6,0.5,36
Grilled Fish with Veggies (231g),Grilled Fish with Veggies | Grilled Fish with Veggies variation,Balanced meal with appropriate GI and nutrients for diabetic-friendly diet,ğŸŒ±,Vegetarian,West,High,3,231,301,2.4,0.8,49
Grilled Chicken Salad (216g),Grilled Chicken Salad | Grilled Chicken Salad variation,Balanced meal with appropriate GI and nutrients for diabetic-friendly diet,ğŸ¦,Vegetarian,South,Moderate,1,216,303,2.2,0.4,54
Jowar Roti with Bhindi (119g),Jowar Roti with Bhindi | Jowar Roti with Bhindi variation,Balanced meal with appropriate GI and nutrients for diabetic-friendly diet,ğŸŸ,Vegetarian,West,Moderate,5,119,134,0.9,0.4,38
Lauki Curry with Brown Rice (148g),Lauki Curry with Brown Rice | Lauki Curry with Brown Rice variation,Balanced meal with appropriate GI and nutrients for diabetic-friendly diet,ğŸŒ±,Non-Vegetarian,East,Low,3,148,159,1.3,0.4,63
Steamed Prawns with Veggies (229g),Steamed Prawns with Veggies | Steamed Prawns with Veggies variation,Balanced meal with appropriate GI and nutrients for diabetic-friendly diet,ğŸŸ,Vegetarian,South,High,3,229,230,2.7,0.7,65
Steamed Prawns with Veggies (158g),Steamed Prawns with Veggies | Steamed Prawns with Veggies variation,Balanced meal with appropriate GI and nutrients for diabetic-friendly diet,ğŸ²,Vegetarian,South,High,2,158,177,1.6,0.5,60
Oats Upma (258g),Oats Upma | Oats Upma variation,Balanced meal with appropriate GI and nutrients for diabetic-friendly diet,ğŸŸ,Vegetarian,East,Moderate,3,258,287,2.6,0.6,39
Grilled Fish Curry (234g),Grilled Fish Curry | Grilled Fish Curry variation,Balanced meal with appropriate GI and nutrients for diabetic-friendly diet,ğŸ«“,Non-Vegetarian,South,Moderate,5,234,238,2.4,0.5,51
Chicken Stew with Appam (348g),Chicken Stew with Appam | Chicken Stew with Appam variation,Balanced meal with appropriate GI and nutrients for diabetic-friendly diet,ğŸ¥—,Non-Vegetarian,West,Low,4,348,456,3.7,1.3,55
Grilled Chicken Salad (211g),Grilled Chicken Salad | Grilled Chicken Salad variation,Balanced meal with appropriate GI and nutrients for diabetic-friendly diet,ğŸŸ,Non-Vegetarian,East,Moderate,2,211,309,2.0,0.5,55
Chicken Tikka (175g),Chicken Tikka | Chicken Tikka variation,Balanced meal with appropriate GI and nutrients for diabetic-friendly diet,ğŸš,Non-Vegetarian,East,Moderate,3,175,260,1.1,0.4,61
Sprouts Salad (277g),Sprouts Salad | Sprouts Salad variation,Balanced meal with appropriate GI and nutrients for diabetic-friendly diet,ğŸ¥£,Non-Vegetarian,West,Moderate,4,277,299,2.7,0.9,35
Masoor Dal with Red Rice (286g),Masoor Dal with Red Rice | Masoor Dal with Red Rice variation,Balanced meal with appropriate GI and nutrients for diabetic-friendly diet,ğŸ¥£,Vegetarian,West,High,1,286,341,3.2,0.7,59
Masoor Dal with Red Rice (329g),Masoor Dal with Red Rice | Masoor Dal with Red Rice variation,Balanced meal with appropriate GI and nutrients for diabetic-friendly diet,ğŸ«“,Vegetarian,West,High,5,329,489,2.2,1.1,39
Grilled Fish with Veggies (338g),Grilled Fish with Veggies | Grilled Fish with Veggies variation,Balanced meal with appropriate GI and nutrients for diabetic-friendly diet,ğŸ¥—,Vegetarian,North,Moderate,1,338,379,3.2,0.8,43
Poha with Veggies (156g),Poha with Veggies | Poha with Veggies variation,Balanced meal with appropriate GI and nutrients for diabetic-friendly diet,ğŸŒ±,Vegetarian,West,Low,5,156,212,0.9,0.4,59
Moong Dal Khichdi (107g),Moong Dal Khichdi | Moong Dal Khichdi variation,Balanced meal with appropriate GI and nutrients for diabetic-friendly diet,ğŸŸ,Vegetarian,South,High,3,107,111,0.8,0.3,43
Jowar Roti with Bhindi (175g),Jowar Roti with Bhindi | Jowar Roti with Bhindi variation,Balanced meal with appropriate GI and nutrients for diabetic-friendly diet,ğŸŒ±,Vegetarian,North,Low,4,175,260,1.7,0.4,51
Lauki Curry with Brown Rice (202g),Lauki Curry with Brown Rice | Lauki Curry with Brown Rice variation,Balanced meal with appropriate GI and nutrients for diabetic-friendly diet,ğŸ›,Non-Vegetarian,South,High,5,202,244,2.2,0.8,46
Ragi Dosa (321g),Ragi Dosa | Ragi Dosa variation,Balanced meal with appropriate GI and nutrients for diabetic-friendly diet,ğŸŸ,Vegetarian,West,Moderate,3,321,371,2.9,0.7,58
Moong Dal Khichdi (139g),Moong Dal Khichdi | Moong Dal Khichdi variation,Balanced meal with appropriate GI and nutrients for diabetic-friendly diet,ğŸ¦,Vegetarian,East,High,5,139,143,1.4,0.3,38
Brown Rice with Sambar (293g),Brown Rice with Sambar | Brown Rice with Sambar variation,Balanced meal with appropriate GI and nutrients for diabetic-friendly diet,ğŸ—,Vegetarian,South,High,3,293,399,1.5,1.0,46
Masoor Dal with Red Rice (266g),Masoor Dal with Red Rice | Masoor Dal with Red Rice variation,Balanced meal with appropriate GI and nutrients for diabetic-friendly diet,ğŸ¥—,Vegetarian,West,Low,4,266,283,2.6,1.0,35
Bajra Roti (251g),Bajra Roti | Bajra Roti variation,Balanced meal with appropriate GI and nutrients for diabetic-friendly diet,ğŸŒ±,Vegetarian,North,Low,4,251,266,3.0,0.7,40
Moong Dal Khichdi (102g),Moong Dal Khichdi | Moong Dal Khichdi variation,Balanced meal with appropriate GI and nutrients for diabetic-friendly diet,ğŸ—,Vegetarian,West,Moderate,1,102,152,0.7,0.3,39
Steamed Prawns with Veggies (300g),Steamed Prawns with Veggies | Steamed Prawns with Veggies variation,Balanced meal with appropriate GI and nutrients for diabetic-friendly diet,ğŸ—,Vegetarian,South,Low,1,300,324,2.2,1.1,64
Mixed Veg Sabzi with Chapati (289g),Mixed Veg Sabzi with Chapati | Mixed Veg Sabzi with Chapati variation,Balanced meal with appropriate GI and nutrients for diabetic-friendly diet,ğŸ¦,Vegetarian,West,High,5,289,330,2.7,1.0,44
Mixed Veg Sabzi with Chapati (308g),Mixed Veg Sabzi with Chapati | Mixed Veg Sabzi with Chapati variation,Balanced meal with appropriate GI and nutrients for diabetic-friendly diet,ğŸ›,Vegetarian,East,Moderate,2,308,429,3.4,0.9,51
Brown Rice with Sambar (172g),Brown Rice with Sambar | Brown Rice with Sambar variation,Balanced meal with appropriate GI and nutrients for diabetic-friendly diet,ğŸ²,Non-Vegetarian,East,Moderate,5,172,241,1.6,0.6,57
Sprouts Salad (115g),Sprouts Salad | Sprouts Salad variation,Balanced meal with appropriate GI and nutrients for diabetic-friendly diet,ğŸŸ,Non-Vegetarian,West,High,4,115,142,0.7,0.2,39
Oats Upma (294g),Oats Upma | Oats Upma variation,Balanced meal with appropriate GI and nutrients for diabetic-friendly diet,ğŸ¥—,Vegetarian,South,Moderate,3,294,332,1.6,0.6,63
Ragi Dosa (252g),Ragi Dosa | Ragi Dosa variation,Balanced meal with appropriate GI and nutrients for diabetic-friendly diet,ğŸ²,Vegetarian,South,High,3,252,332,2.8,0.6,36
Egg Curry with Roti (131g),Egg Curry with Roti | Egg Curry with Roti variation,Balanced meal with appropriate GI and nutrients for diabetic-friendly diet,ğŸ›,Vegetarian,West,High,5,131,171,1.3,0.4,42
Chicken Tikka (111g),Chicken Tikka | Chicken Tikka variation,Balanced meal with appropriate GI and nutrients for diabetic-friendly diet,ğŸ²,Non-Vegetarian,East,High,4,111,141,0.7,0.4,54
Bajra Roti (239g),Bajra Roti | Bajra Roti variation,Balanced meal with appropriate GI and nutrients for diabetic-friendly diet,ğŸ¥—,Vegetarian,West,High,3,239,353,2.8,0.7,44
Jowar Roti with Bhindi (329g),Jowar Roti with Bhindi | Jowar Roti with Bhindi variation,Balanced meal with appropriate GI and nutrients for diabetic-friendly diet,ğŸŸ,Vegetarian,East,Low,3,329,376,2.2,1.0,59
Sprouts Salad (194g),Sprouts Salad | Sprouts Salad variation,Balanced meal with appropriate GI and nutrients for diabetic-friendly diet,ğŸ¦,Vegetarian,South,Moderate,2,194,257,1.7,0.6,57
Bajra Roti (241g),Bajra Roti | Bajra Roti variation,Balanced meal with appropriate GI and nutrients for diabetic-friendly diet,ğŸ—,Vegetarian,North,High,3,241,338,2.0,0.9,59
Chicken Stew with Appam (242g),Chicken Stew with Appam | Chicken Stew with Appam variation,Balanced meal with appropriate GI and nutrients for diabetic-friendly diet,ğŸ²,Non-Vegetarian,North,High,3,242,297,1.4,0.6,39
Chicken Stew with Appam (159g),Chicken Stew with Appam | Chicken Stew with Appam variation,Balanced meal with appropriate GI and nutrients for diabetic-friendly diet,ğŸ²,Non-Vegetarian,South,Moderate,1,159,199,0.9,0.4,36
Chicken Tikka (341g),Chicken Tikka | Chicken Tikka variation,Balanced meal with appropriate GI and nutrients for diabetic-friendly diet,ğŸš,Vegetarian,East,High,4,341,494,3.1,0.7,55
Grilled Fish Curry (149g),Grilled Fish Curry | Grilled Fish Curry variation,Balanced meal with appropriate GI and nutrients for diabetic-friendly diet,ğŸ›,Non-Vegetarian,West,Low,1,149,194,1.0,0.5,36
Poha with Veggies (279g),Poha with Veggies | Poha with Veggies variation,Balanced meal with appropriate GI and nutrients for diabetic-friendly diet,ğŸ¥£,Vegetarian,North,Moderate,2,279,343,2.1,0.6,36
Jowar Roti with Bhindi (313g),Jowar Roti with Bhindi | Jowar Roti with Bhindi variation,Balanced meal with appropriate GI and nutrients for diabetic-friendly diet,ğŸŸ,Vegetarian,South,Moderate,4,313,439,1.7,0.7,44
Brown Rice with Sambar (154g),Brown Rice with Sambar | Brown Rice with Sambar variation,Balanced meal with appropriate GI and nutrients for diabetic-friendly diet,ğŸ²,Vegetarian,West,Low,1,154,155,0.9,0.5,48
Chicken Stew with Appam (343g),Chicken Stew with Appam | Chicken Stew with Appam variation,Balanced meal with appropriate GI and nutrients for diabetic-friendly diet,ğŸ¥£,Non-Vegetarian,West,Low,5,343,378,4.1,0.8,43
Chicken Stew with Appam (225g),Chicken Stew with Appam | Chicken Stew with Appam variation,Balanced meal with appropriate GI and nutrients for diabetic-friendly diet,ğŸ²,Vegetarian,West,Moderate,2,225,273,2.4,0.6,41
Egg Curry with Roti (245g),Egg Curry with Roti | Egg Curry with Roti variation,Balanced meal with appropriate GI and nutrients for diabetic-friendly diet,ğŸ²,Vegetarian,South,Moderate,4,245,255,1.4,0.7,41
Grilled Fish Curry (274g),Grilled Fish Curry | Grilled Fish Curry variation,Balanced meal with appropriate GI and nutrients for diabetic-friendly diet,ğŸ¦,Vegetarian,East,Moderate,2,274,357,1.7,1.0,38
Steamed Prawns with Veggies (158g),Steamed Prawns with Veggies | Steamed Prawns with Veggies variation,Balanced meal with appropriate GI and nutrients for diabetic-friendly diet,ğŸ›,Vegetarian,North,Low,4,158,214,1.8,0.4,49
Grilled Chicken Salad (302g),Grilled Chicken Salad | Grilled Chicken Salad variation,Balanced meal with appropriate GI and nutrients for diabetic-friendly diet,ğŸŸ,Vegetarian,North,Moderate,1,302,329,2.3,1.0,65
Grilled Chicken Salad (165g),Grilled Chicken Salad | Grilled Chicken Salad variation,Balanced meal with appropriate GI and nutrients for diabetic-friendly diet,ğŸš,Non-Vegetarian,East,High,4,165,224,1.6,0.4,45
Fish Curry with Brown Rice (236g),Fish Curry with Brown Rice | Fish Curry with Brown Rice variation,Balanced meal with appropriate GI and nutrients for diabetic-friendly diet,ğŸš,Vegetarian,East,Low,5,236,327,2.6,0.9,54
Sprouts Salad (267g),Sprouts Salad | Sprouts Salad variation,Balanced meal with appropriate GI and nutrients for diabetic-friendly diet,ğŸ¥—,Non-Vegetarian,South,Low,2,267,315,2.7,0.9,42
Sprouts Salad (185g),Sprouts Salad | Sprouts Salad variation,Balanced meal with appropriate GI and nutrients for diabetic-friendly diet,ğŸŸ,Non-Vegetarian,West,Low,5,185,204,1.9,0.4,45
Poha with Veggies (342g),Poha with Veggies | Poha with Veggies variation,Balanced meal with appropriate GI and nutrients for diabetic-friendly diet,ğŸ¥—,Vegetarian,West,Low,5,342,497,4.1,1.1,54
Poha with Veggies (272g),Poha with Veggies | Poha with Veggies variation,Balanced meal with appropriate GI and nutrients for diabetic-friendly diet,ğŸ¦,Vegetarian,East,Moderate,1,272,407,2.7,0.8,54
Mixed Veg Sabzi with Chapati (173g),Mixed Veg Sabzi with Chapati | Mixed Veg Sabzi with Chapati variation,Balanced meal with appropriate GI and nutrients for diabetic-friendly diet,ğŸ¦,Vegetarian,North,High,2,173,189,1.9,0.6,46
Steamed Prawns with Veggies (243g),Steamed Prawns with Veggies | Steamed Prawns with Veggies variation,Balanced meal with appropriate GI and nutrients for diabetic-friendly diet,ğŸš,Vegetarian,West,Low,5,243,319,2.4,0.7,41
Masoor Dal with Red Rice (201g),Masoor Dal with Red Rice | Masoor Dal with Red Rice variation,Balanced meal with appropriate GI and nutrients for diabetic-friendly diet,ğŸ¥—,Vegetarian,North,Moderate,1,201,281,1.2,0.6,61
Chicken Tikka (231g),Chicken Tikka | Chicken Tikka variation,Balanced meal with appropriate GI and nutrients for diabetic-friendly diet,ğŸ¥—,Vegetarian,East,High,4,231,238,2.2,0.6,56
Steamed Prawns with Veggies (222g),Steamed Prawns with Veggies | Steamed Prawns with Veggies variation,Balanced meal with appropriate GI and nutrients for diabetic-friendly diet,ğŸ›,Vegetarian,West,High,4,222,299,1.7,0.5,56
Chicken Tikka (301g),Chicken Tikka | Chicken Tikka variation,Balanced meal with appropriate GI and nutrients for diabetic-friendly diet,ğŸ—,Vegetarian,East,Moderate,5,301,413,3.0,0.6,39
Steamed Prawns with Veggies (314g),Steamed Prawns with Veggies | Steamed Prawns with Veggies variation,Balanced meal with appropriate GI and nutrients for diabetic-friendly diet,ğŸ›,Vegetarian,South,High,2,314,346,2.4,0.7,42
Oats Upma (202g),Oats Upma | Oats Upma variation,Balanced meal with appropriate GI and nutrients for diabetic-friendly diet,ğŸŒ±,Vegetarian,West,Low,4,202,276,1.9,0.7,51
Lauki Curry with Brown Rice (195g),Lauki Curry with Brown Rice | Lauki Curry with Brown Rice variation,Balanced meal with appropriate GI and nutrients for diabetic-friendly diet,ğŸ—,Vegetarian,North,Low,5,195,209,1.4,0.8,45
Lauki Curry with Brown Rice (296g),Lauki Curry with Brown Rice | Lauki Curry with Brown Rice variation,Balanced meal with appropriate GI and nutrients for diabetic-friendly diet,ğŸš,Non-Vegetarian,West,Low,1,296,364,3.2,1.0,62
Grilled Fish Curry (330g),Grilled Fish Curry | Grilled Fish Curry variation,Balanced meal with appropriate GI and nutrients for diabetic-friendly diet,ğŸ—,Vegetarian,North,Moderate,5,330,359,2.9,0.8,54
Grilled Fish Curry (290g),Grilled Fish Curry | Grilled Fish Curry variation,Balanced meal with appropriate GI and nutrients for diabetic-friendly diet,ğŸ—,Vegetarian,South,Moderate,5,290,300,3.4,1.0,37
